Time,Step,Training loss,Validation loss,Full Validation loss
21:28:56,2208,0.3289,-,0.4072
21:28:44,2207,0.2653,-,-
21:28:42,2206,0.3946,-,-
21:28:40,2205,0.207,-,-
21:28:38,2204,0.2594,-,-
21:28:36,2203,0.3566,-,-
21:28:36,2202,0.4508,-,-
21:28:34,2201,0.2711,-,-
21:28:32,2200,0.4248,0.6043,-
21:28:30,2199,0.2168,-,-
21:28:28,2198,0.5363,-,-
21:28:28,2197,0.396,-,-
21:28:26,2196,0.1883,-,-
21:28:23,2195,0.301,-,-
21:28:21,2194,0.3586,-,-
21:28:19,2193,0.4123,-,-
21:28:19,2192,0.2162,-,-
21:28:17,2191,0.3684,-,-
21:28:15,2190,0.2186,-,-
21:28:13,2189,0.3959,-,-
21:28:13,2188,0.421,-,-
21:28:11,2187,0.2577,-,-
21:28:09,2186,0.2502,-,-
21:28:07,2185,0.4872,-,-
21:28:07,2184,0.5589,-,-
21:28:05,2183,0.1956,-,-
21:28:03,2182,0.1912,-,-
21:28:01,2181,0.2961,-,-
21:27:59,2180,0.6416,-,-
21:27:59,2179,0.2472,-,-
21:27:57,2178,0.1761,-,-
21:27:55,2177,0.1194,-,-
21:27:53,2176,0.3391,-,-
21:27:53,2175,0.2461,-,-
21:27:51,2174,0.5859,-,-
21:27:49,2173,0.2038,-,-
21:27:47,2172,0.381,-,-
21:27:47,2171,0.1895,-,-
21:27:45,2170,0.1808,-,-
21:27:43,2169,0.4643,-,-
21:27:41,2168,0.1806,-,-
21:27:39,2167,0.3983,-,-
21:27:39,2166,0.5369,-,-
21:27:37,2165,0.1878,-,-
21:27:35,2164,0.3983,-,-
21:27:33,2163,0.3401,-,-
21:27:33,2162,0.3617,-,-
21:27:31,2161,0.2419,-,-
21:27:29,2160,0.3229,-,-
21:27:27,2159,0.0915,-,-
21:27:25,2158,0.339,-,-
21:27:25,2157,0.3949,-,-
21:27:23,2156,0.2311,-,-
21:27:21,2155,0.5976,-,-
21:27:19,2154,0.5765,-,-
21:27:19,2153,0.2695,-,-
21:27:17,2152,0.2721,-,-
21:27:15,2151,0.6021,-,-
21:27:13,2150,0.3139,-,-
21:27:13,2149,0.3459,-,-
21:27:11,2148,0.3809,-,-
21:27:09,2147,0.2322,-,-
21:27:07,2146,0.4902,-,-
21:27:05,2145,0.1951,-,-
21:27:05,2144,0.4291,-,-
21:27:03,2143,0.2339,-,-
21:27:01,2142,0.4825,-,-
21:26:59,2141,0.1925,-,-
21:26:59,2140,0.1324,-,-
21:26:57,2139,0.4671,-,-
21:26:55,2138,0.3104,-,-
21:26:53,2137,0.2482,-,-
21:26:51,2136,0.1695,-,-
21:26:51,2135,0.2537,-,-
21:26:49,2134,0.5901,-,-
21:26:47,2133,0.3139,-,-
21:26:44,2132,0.3958,-,-
21:26:44,2131,0.3736,-,-
21:26:42,2130,0.2523,-,-
21:26:40,2129,0.1709,-,-
21:26:38,2128,0.4685,-,-
21:26:38,2127,0.2974,-,-
21:26:36,2126,0.3551,-,-
21:26:34,2125,0.7345,-,-
21:26:32,2124,0.2701,-,-
21:26:30,2123,0.2273,-,-
21:26:30,2122,0.3013,-,-
21:26:28,2121,0.5393,-,-
21:26:26,2120,0.4462,-,-
21:26:24,2119,0.367,-,-
21:26:24,2118,0.3125,-,-
21:26:22,2117,0.2704,-,-
21:26:20,2116,0.206,-,-
21:26:18,2115,0.3737,-,-
21:26:18,2114,0.3107,-,-
21:26:16,2113,0.2387,-,-
21:26:14,2112,0.2645,-,-
21:26:12,2111,0.1857,-,-
21:26:10,2110,0.467,-,-
21:26:10,2109,0.2835,-,-
21:26:08,2108,0.2458,-,-
21:26:06,2107,0.2736,-,-
21:26:04,2106,0.3666,-,-
21:26:04,2105,0.414,-,-
21:26:02,2104,0.4396,-,-
21:26:00,2103,0.3662,-,-
21:25:58,2102,0.3616,-,-
21:25:58,2101,0.5075,-,-
21:25:56,2100,0.3626,0.3035,-
21:25:54,2099,0.3078,-,-
21:25:52,2098,0.4741,-,-
21:25:50,2097,0.4088,-,-
21:25:48,2096,0.2716,-,-
21:25:48,2095,0.4085,-,-
21:25:46,2094,0.2157,-,-
21:25:44,2093,0.3917,-,-
21:25:42,2092,0.218,-,-
21:25:42,2091,0.4462,-,-
21:25:40,2090,0.2259,-,-
21:25:38,2089,0.2899,-,-
21:25:36,2088,0.252,-,-
21:25:36,2087,0.4107,-,-
21:25:34,2086,0.4807,-,-
21:25:32,2085,0.2839,-,-
21:25:30,2084,0.3324,-,-
21:25:28,2083,0.3361,-,-
21:25:28,2082,0.3097,-,-
21:25:26,2081,0.2575,-,-
21:25:24,2080,0.3866,-,-
21:25:22,2079,0.2783,-,-
21:25:22,2078,0.3647,-,-
21:25:20,2077,0.1753,-,-
21:25:18,2076,0.751,-,-
21:25:16,2075,0.2997,-,-
21:25:14,2074,0.3831,-,-
21:25:14,2073,0.2097,-,-
21:25:12,2072,0.315,-,-
21:25:10,2071,0.3453,-,-
21:25:08,2070,0.1814,-,-
21:25:08,2069,0.4821,-,-
21:25:06,2068,0.4236,-,-
21:25:04,2067,0.479,-,-
21:25:02,2066,0.2068,-,-
21:25:00,2065,0.3205,-,-
21:24:59,2064,0.2501,-,-
21:24:57,2063,0.2933,-,-
21:24:55,2062,0.5617,-,-
21:24:53,2061,0.2449,-,-
21:24:53,2060,0.4472,-,-
21:24:51,2059,0.2643,-,-
21:24:49,2058,0.3052,-,-
21:24:47,2057,0.2208,-,-
21:24:45,2056,0.3267,-,-
21:24:45,2055,0.1891,-,-
21:24:43,2054,0.2023,-,-
21:24:41,2053,0.419,-,-
21:24:39,2052,0.4245,-,-
21:24:39,2051,0.3335,-,-
21:24:37,2050,0.359,-,-
21:24:35,2049,0.4479,-,-
21:24:33,2048,0.3062,-,-
21:24:31,2047,0.3322,-,-
21:24:31,2046,0.1485,-,-
21:24:29,2045,0.6637,-,-
21:24:27,2044,0.3324,-,-
21:24:25,2043,0.3403,-,-
21:24:25,2042,0.2336,-,-
21:24:23,2041,0.4087,-,-
21:24:21,2040,0.3894,-,-
21:24:19,2039,0.4053,-,-
21:24:17,2038,0.2309,-,-
21:24:17,2037,0.331,-,-
21:24:15,2036,0.285,-,-
21:24:13,2035,0.3021,-,-
21:24:11,2034,0.3961,-,-
21:24:11,2033,0.2341,-,-
21:24:09,2032,0.3064,-,-
21:24:07,2031,0.3453,-,-
21:24:05,2030,0.4826,-,-
21:24:05,2029,0.2514,-,-
21:24:03,2028,0.2698,-,-
21:24:01,2027,0.1811,-,-
21:23:59,2026,0.2717,-,-
21:23:57,2025,0.3771,-,-
21:23:57,2024,0.3358,-,-
21:23:55,2023,0.2636,-,-
21:23:53,2022,0.466,-,-
21:23:51,2021,0.5574,-,-
21:23:51,2020,0.2581,-,-
21:23:49,2019,0.347,-,-
21:23:47,2018,0.1414,-,-
21:23:45,2017,0.3181,-,-
21:23:43,2016,0.1687,-,-
21:23:43,2015,0.2963,-,-
21:23:41,2014,0.2953,-,-
21:23:39,2013,0.3572,-,-
21:23:37,2012,0.4048,-,-
21:23:37,2011,0.1529,-,-
21:23:35,2010,0.2789,-,-
21:23:33,2009,0.5019,-,-
21:23:31,2008,0.512,-,-
21:23:29,2007,0.3145,-,-
21:23:29,2006,0.3072,-,-
21:23:27,2005,0.1852,-,-
21:23:25,2004,0.5121,-,-
21:23:23,2003,0.2219,-,-
21:23:23,2002,0.5505,-,-
21:23:21,2001,0.305,-,-
21:23:19,2000,0.1532,0.342,-
21:23:17,1999,0.2621,-,-
21:23:15,1998,0.2892,-,-
21:23:13,1997,0.5044,-,-
21:23:13,1996,0.2422,-,-
21:23:11,1995,0.3858,-,-
21:23:08,1994,0.4199,-,-
21:23:06,1993,0.5015,-,-
21:23:04,1992,0.2642,-,-
21:23:04,1991,0.2305,-,-
21:23:02,1990,0.4601,-,-
21:23:00,1989,0.3427,-,-
21:22:58,1988,0.1376,-,-
21:22:58,1987,0.4069,-,-
21:22:56,1986,0.3825,-,-
21:22:54,1985,0.4595,-,-
21:22:52,1984,0.4468,-,-
21:22:52,1983,0.5536,-,-
21:22:50,1982,0.4417,-,-
21:22:48,1981,0.3636,-,-
21:22:46,1980,0.2803,-,-
21:22:44,1979,0.2564,-,-
21:22:44,1978,0.4357,-,-
21:22:42,1977,0.1772,-,-
21:22:40,1976,0.333,-,-
21:22:38,1975,0.3698,-,-
21:22:38,1974,0.1424,-,-
21:22:36,1973,0.4884,-,-
21:22:34,1972,0.1966,-,-
21:22:32,1971,0.2525,-,-
21:22:30,1970,0.1458,-,-
21:22:30,1969,0.4195,-,-
21:22:28,1968,0.3638,-,-
21:22:26,1967,0.5233,-,-
21:22:24,1966,0.193,-,-
21:22:24,1965,0.1924,-,-
21:22:22,1964,0.2197,-,-
21:22:20,1963,0.5453,-,-
21:22:18,1962,0.1733,-,-
21:22:16,1961,0.5097,-,-
21:22:16,1960,0.2321,-,-
21:22:14,1959,0.2011,-,-
21:22:12,1958,0.4289,-,-
21:22:10,1957,0.6859,-,-
21:22:10,1956,0.1821,-,-
21:22:08,1955,0.3698,-,-
21:22:06,1954,0.2722,-,-
21:22:04,1953,0.4227,-,-
21:22:02,1952,0.4243,-,-
21:22:02,1951,0.4314,-,-
21:22:00,1950,0.2217,-,-
21:21:58,1949,0.5448,-,-
21:21:56,1948,0.3269,-,-
21:21:56,1947,0.3041,-,-
21:21:54,1946,0.3105,-,-
21:21:52,1945,0.2516,-,-
21:21:50,1944,0.2888,-,-
21:21:50,1943,0.2637,-,-
21:21:48,1942,0.3752,-,-
21:21:46,1941,0.2848,-,-
21:21:44,1940,0.2467,-,-
21:21:42,1939,0.3682,-,-
21:21:42,1938,0.492,-,-
21:21:40,1937,0.2173,-,-
21:21:38,1936,0.277,-,-
21:21:36,1935,0.4908,-,-
21:21:36,1934,0.2466,-,-
21:21:34,1933,0.1684,-,-
21:21:32,1932,0.2871,-,-
21:21:30,1931,0.4573,-,-
21:21:28,1930,0.1225,-,-
21:21:28,1929,0.2436,-,-
21:21:26,1928,0.2982,-,-
21:21:24,1927,0.3748,-,-
21:21:22,1926,0.2502,-,-
21:21:20,1925,0.3419,-,-
21:21:20,1924,0.5626,-,-
21:21:18,1923,0.4355,-,-
21:21:15,1922,0.209,-,-
21:21:13,1921,0.4875,-,-
21:21:13,1920,0.2084,-,-
21:21:11,1919,0.3662,-,-
21:21:09,1918,0.5997,-,-
21:21:07,1917,0.2574,-,-
21:21:07,1916,0.1478,-,-
21:21:05,1915,0.3029,-,-
21:21:03,1914,0.1739,-,-
21:21:01,1913,0.399,-,-
21:20:59,1912,0.7063,-,-
21:20:59,1911,0.5208,-,-
21:20:57,1910,0.6998,-,-
21:20:55,1909,0.4299,-,-
21:20:53,1908,0.1187,-,-
21:20:53,1907,0.2125,-,-
21:20:51,1906,0.3914,-,-
21:20:49,1905,0.1756,-,-
21:20:47,1904,0.2049,-,-
21:20:45,1903,0.2246,-,-
21:20:45,1902,0.3508,-,-
21:20:43,1901,0.245,-,-
21:20:41,1900,0.2368,0.559,-
21:20:39,1899,0.1571,-,-
21:20:37,1898,0.4999,-,-
21:20:37,1897,0.3594,-,-
21:20:35,1896,0.095,-,-
21:20:33,1895,0.2505,-,-
21:20:31,1894,0.1923,-,-
21:20:29,1893,0.4337,-,-
21:20:29,1892,0.405,-,-
21:20:27,1891,0.6196,-,-
21:20:25,1890,0.298,-,-
21:20:23,1889,0.2617,-,-
21:20:23,1888,0.6188,-,-
21:20:21,1887,0.387,-,-
21:20:19,1886,0.2323,-,-
21:20:17,1885,0.3546,-,-
21:20:15,1884,0.3566,-,-
21:20:15,1883,0.3,-,-
21:20:13,1882,0.276,-,-
21:20:11,1881,0.256,-,-
21:20:09,1880,0.3067,-,-
21:20:07,1879,0.38,-,-
21:20:07,1878,0.2131,-,-
21:20:05,1877,0.1934,-,-
21:20:03,1876,0.1536,-,-
21:20:01,1875,0.2104,-,-
21:19:59,1874,0.3625,-,-
21:19:59,1873,0.4077,-,-
21:19:57,1872,0.259,-,-
21:19:55,1871,0.2648,-,-
21:19:53,1870,0.4727,-,-
21:19:53,1869,0.3197,-,-
21:19:51,1868,0.4082,-,-
21:19:49,1867,0.43,-,-
21:19:47,1866,0.2048,-,-
21:19:45,1865,0.3259,-,-
21:19:45,1864,0.158,-,-
21:19:43,1863,0.2311,-,-
21:19:41,1862,0.426,-,-
21:19:39,1861,0.3162,-,-
21:19:39,1860,0.3745,-,-
21:19:37,1859,0.3158,-,-
21:19:35,1858,0.237,-,-
21:19:33,1857,0.2516,-,-
21:19:31,1856,0.2923,-,-
21:19:31,1855,0.27,-,-
21:19:29,1854,0.3722,-,-
21:19:27,1853,0.4104,-,-
21:19:25,1852,0.3602,-,-
21:19:25,1851,0.3714,-,-
21:19:22,1850,0.5047,-,-
21:19:20,1849,0.3168,-,-
21:19:18,1848,0.3169,-,-
21:19:16,1847,0.4656,-,-
21:19:16,1846,0.4025,-,-
21:19:14,1845,0.2251,-,-
21:19:12,1844,0.3255,-,-
21:19:10,1843,0.6703,-,-
21:19:10,1842,0.471,-,-
21:19:08,1841,0.3829,-,-
21:19:06,1840,0.2043,-,-
21:19:04,1839,0.3656,-,-
21:19:02,1838,0.3552,-,-
21:19:02,1837,0.2722,-,-
21:19:00,1836,0.2389,-,-
21:18:58,1835,0.2697,-,-
21:18:56,1834,0.3827,-,-
21:18:56,1833,0.3014,-,-
21:18:54,1832,0.4757,-,-
21:18:52,1831,0.1747,-,-
21:18:50,1830,0.4495,-,-
21:18:48,1829,0.4064,-,-
21:18:48,1828,0.3323,-,-
21:18:46,1827,0.2405,-,-
21:18:44,1826,0.2334,-,-
21:18:42,1825,0.1882,-,-
21:18:42,1824,0.3076,-,-
21:18:40,1823,0.1552,-,-
21:18:38,1822,0.1704,-,-
21:18:36,1821,0.2303,-,-
21:18:34,1820,0.501,-,-
21:18:34,1819,0.3823,-,-
21:18:32,1818,0.3001,-,-
21:18:30,1817,0.4249,-,-
21:18:28,1816,0.2764,-,-
21:18:28,1815,0.2061,-,-
21:18:26,1814,0.2069,-,-
21:18:24,1813,0.2915,-,-
21:18:22,1812,0.3351,-,-
21:18:22,1811,0.2302,-,-
21:18:20,1810,0.2215,-,-
21:18:18,1809,0.3225,-,-
21:18:16,1808,0.6036,-,-
21:18:14,1807,0.4479,-,-
21:18:14,1806,0.2481,-,-
21:18:12,1805,0.2439,-,-
21:18:10,1804,0.198,-,-
21:18:08,1803,0.1994,-,-
21:18:08,1802,0.1821,-,-
21:18:06,1801,0.3757,-,-
21:18:04,1800,0.5116,0.4122,-
21:18:02,1799,0.2099,-,-
21:18:00,1798,0.1256,-,-
21:17:58,1797,0.1868,-,-
21:17:58,1796,0.2258,-,-
21:17:56,1795,0.2192,-,-
21:17:54,1794,0.4997,-,-
21:17:52,1793,0.2812,-,-
21:17:52,1792,0.3629,-,-
21:17:50,1791,0.4678,-,-
21:17:48,1790,0.2347,-,-
21:17:46,1789,0.4183,-,-
21:17:44,1788,0.5588,-,-
21:17:44,1787,0.3984,-,-
21:17:42,1786,0.3177,-,-
21:17:40,1785,0.1844,-,-
21:17:38,1784,0.2442,-,-
21:17:38,1783,0.295,-,-
21:17:36,1782,0.2808,-,-
21:17:34,1781,0.449,-,-
21:17:31,1780,0.3723,-,-
21:17:31,1779,0.313,-,-
21:17:29,1778,0.5241,-,-
21:17:27,1777,0.4283,-,-
21:17:25,1776,0.3782,-,-
21:17:23,1775,0.3607,-,-
21:17:23,1774,0.3463,-,-
21:17:21,1773,0.4795,-,-
21:17:19,1772,0.2625,-,-
21:17:17,1771,0.3805,-,-
21:17:17,1770,0.2328,-,-
21:17:15,1769,0.3946,-,-
21:17:13,1768,0.2715,-,-
21:17:11,1767,0.1556,-,-
21:17:09,1766,0.2375,-,-
21:17:09,1765,0.4163,-,-
21:17:07,1764,0.6702,-,-
21:17:05,1763,0.2272,-,-
21:17:03,1762,0.5622,-,-
21:17:03,1761,0.3256,-,-
21:17:01,1760,0.2961,-,-
21:16:59,1759,0.1986,-,-
21:16:57,1758,0.4116,-,-
21:16:57,1757,0.3496,-,-
21:16:55,1756,0.4072,-,-
21:16:53,1755,0.2316,-,-
21:16:51,1754,0.3803,-,-
21:16:51,1753,0.4036,-,-
21:16:49,1752,0.4242,-,-
21:16:47,1751,0.3988,-,-
21:16:45,1750,0.2617,-,-
21:16:43,1749,0.3199,-,-
21:16:43,1748,0.6391,-,-
21:16:41,1747,0.2135,-,-
21:16:39,1746,0.2168,-,-
21:16:37,1745,0.4444,-,-
21:16:37,1744,0.2443,-,-
21:16:35,1743,0.2147,-,-
21:16:33,1742,0.3583,-,-
21:16:31,1741,0.3891,-,-
21:16:29,1740,0.1388,-,-
21:16:29,1739,0.4691,-,-
21:16:27,1738,0.1718,-,-
21:16:25,1737,0.3769,-,-
21:16:23,1736,0.3611,-,-
21:16:23,1735,0.4453,-,-
21:16:21,1734,0.2835,-,-
21:16:19,1733,0.3725,-,-
21:16:17,1732,0.3231,-,-
21:16:15,1731,0.178,-,-
21:16:15,1730,0.2038,-,-
21:16:13,1729,0.6122,-,-
21:16:11,1728,0.1507,-,-
21:16:09,1727,0.1679,-,-
21:16:09,1726,0.2614,-,-
21:16:07,1725,0.2058,-,-
21:16:05,1724,0.3711,-,-
21:16:03,1723,0.1815,-,-
21:16:01,1722,0.2046,-,-
21:16:01,1721,0.461,-,-
21:15:45,1720,0.2552,-,-
21:15:45,1719,0.1742,-,-
21:15:43,1718,0.372,-,-
21:15:41,1717,0.1776,-,-
21:15:39,1716,0.2006,-,-
21:15:37,1715,0.3385,-,-
21:15:37,1714,0.3023,-,-
21:15:34,1713,0.3023,-,-
21:15:32,1712,0.2298,-,-
21:15:30,1711,0.465,-,-
21:15:30,1710,0.2161,-,-
21:15:28,1709,0.353,-,-
21:15:26,1708,0.253,-,-
21:15:24,1707,0.1776,-,-
21:15:24,1706,0.2688,-,-
21:15:22,1705,0.2165,-,-
21:15:20,1704,0.3021,-,-
21:15:18,1703,0.2837,-,-
21:15:18,1702,0.4317,-,-
21:15:16,1701,0.4417,-,-
21:15:14,1700,0.4369,0.4178,-
21:15:12,1699,0.2547,-,-
21:15:10,1698,0.1767,-,-
21:15:08,1697,0.2845,-,-
21:15:08,1696,0.5372,-,-
21:15:06,1695,0.3513,-,-
21:15:04,1694,0.2161,-,-
21:15:02,1693,0.5444,-,-
21:15:02,1692,0.2541,-,-
21:15:00,1691,0.3289,-,-
21:14:58,1690,0.4088,-,-
21:14:56,1689,0.3133,-,-
21:14:56,1688,0.4726,-,-
21:14:54,1687,0.4869,-,-
21:14:52,1686,0.3249,-,-
21:14:50,1685,0.1715,-,-
21:14:48,1684,0.2941,-,-
21:14:48,1683,0.2187,-,-
21:14:46,1682,0.6934,-,-
21:14:44,1681,0.1615,-,-
21:14:42,1680,0.2481,-,-
21:14:42,1679,0.1909,-,-
21:14:40,1678,0.5029,-,-
21:14:38,1677,0.3006,-,-
21:14:36,1676,0.2621,-,-
21:14:36,1675,0.1555,-,-
21:14:34,1674,0.3081,-,-
21:14:32,1673,0.1758,-,-
21:14:30,1672,0.2821,-,-
21:14:30,1671,0.4997,-,-
21:14:28,1670,0.3515,-,-
21:14:26,1669,0.3235,-,-
21:14:24,1668,0.2067,-,-
21:14:22,1667,0.3652,-,-
21:14:22,1666,0.2004,-,-
21:14:20,1665,0.3423,-,-
21:14:18,1664,0.2692,-,-
21:14:16,1663,0.2124,-,-
21:14:16,1662,0.1969,-,-
21:14:14,1661,0.6185,-,-
21:14:12,1660,0.2185,-,-
21:14:10,1659,0.4815,-,-
21:14:08,1658,0.3445,-,-
21:14:08,1657,0.2246,-,-
21:14:06,1656,0.3398,-,-
21:14:04,1655,0.2397,-,-
21:14:02,1654,0.2389,-,-
21:14:02,1653,0.2249,-,-
21:14:00,1652,0.2191,-,-
21:13:58,1651,0.2546,-,-
21:13:56,1650,0.3617,-,-
21:13:56,1649,0.5251,-,-
21:13:54,1648,0.2606,-,-
21:13:52,1647,0.369,-,-
21:13:50,1646,0.29,-,-
21:13:48,1645,0.3727,-,-
21:13:48,1644,0.3317,-,-
21:13:46,1643,0.1549,-,-
21:13:44,1642,0.1669,-,-
21:13:42,1641,0.1452,-,-
21:13:42,1640,0.2669,-,-
21:13:39,1639,0.2927,-,-
21:13:37,1638,0.587,-,-
21:13:35,1637,0.1623,-,-
21:13:35,1636,0.2455,-,-
21:13:33,1635,0.2065,-,-
21:13:31,1634,0.1477,-,-
21:13:29,1633,0.6095,-,-
21:13:27,1632,0.4259,-,-
21:13:27,1631,0.2033,-,-
21:13:25,1630,0.4909,-,-
21:13:23,1629,0.4895,-,-
21:13:21,1628,4.4271,-,-
21:13:21,1627,0.2538,-,-
21:13:19,1626,0.5588,-,-
21:13:17,1625,0.4707,-,-
21:13:15,1624,0.3518,-,-
21:13:15,1623,0.6033,-,-
21:13:13,1622,0.3841,-,-
21:13:11,1621,0.2995,-,-
21:13:09,1620,0.5748,-,-
21:13:07,1619,0.2314,-,-
21:13:07,1618,0.1176,-,-
21:13:05,1617,0.4523,-,-
21:13:03,1616,0.1664,-,-
21:13:01,1615,0.2937,-,-
21:13:01,1614,0.4528,-,-
21:12:59,1613,0.2623,-,-
21:12:57,1612,0.5379,-,-
21:12:55,1611,0.2292,-,-
21:12:55,1610,0.2537,-,-
21:12:53,1609,0.2804,-,-
21:12:51,1608,0.2286,-,-
21:12:49,1607,0.4222,-,-
21:12:49,1606,0.3939,-,-
21:12:47,1605,0.3241,-,-
21:12:45,1604,0.2116,-,-
21:12:43,1603,0.6222,-,-
21:12:41,1602,0.4478,-,-
21:12:41,1601,0.3589,-,-
21:12:39,1600,0.5299,0.2833,-
21:12:37,1599,0.2144,-,-
21:12:35,1598,0.2047,-,-
21:12:33,1597,0.3132,-,-
21:12:33,1596,0.3979,-,-
21:12:31,1595,0.3168,-,-
21:12:29,1594,0.3302,-,-
21:12:27,1593,0.3972,-,-
21:12:27,1592,0.4496,-,-
21:12:25,1591,0.1898,-,-
21:12:23,1590,0.4771,-,-
21:12:21,1589,0.3579,-,-
21:12:21,1588,0.1788,-,-
21:12:19,1587,0.3137,-,-
21:12:17,1586,0.2645,-,-
21:12:15,1585,0.1793,-,-
21:12:13,1584,0.4864,-,-
21:12:13,1583,0.2405,-,-
21:12:11,1582,0.1553,-,-
21:12:09,1581,0.323,-,-
21:12:07,1580,0.2163,-,-
21:12:07,1579,0.1861,-,-
21:12:05,1578,0.2906,-,-
21:12:03,1577,0.5019,-,-
21:12:01,1576,0.2487,-,-
21:12:01,1575,0.368,-,-
21:11:59,1574,0.415,-,-
21:11:57,1573,0.2935,-,-
21:11:55,1572,0.3985,-,-
21:11:53,1571,0.364,-,-
21:11:53,1570,0.183,-,-
21:11:51,1569,0.4544,-,-
21:11:49,1568,0.2139,-,-
21:11:47,1567,0.4772,-,-
21:11:47,1566,0.2422,-,-
21:11:45,1565,0.1693,-,-
21:11:42,1564,0.2146,-,-
21:11:40,1563,0.3946,-,-
21:11:40,1562,0.5678,-,-
21:11:38,1561,0.1606,-,-
21:11:36,1560,0.4317,-,-
21:11:34,1559,0.3613,-,-
21:11:34,1558,0.286,-,-
21:11:32,1557,0.5085,-,-
21:11:30,1556,0.3647,-,-
21:11:28,1555,0.2847,-,-
21:11:28,1554,0.3924,-,-
21:11:26,1553,0.4314,-,-
21:11:24,1552,0.4917,-,-
21:11:22,1551,0.2256,-,-
21:11:20,1550,0.326,-,-
21:11:20,1549,0.253,-,-
21:11:18,1548,0.2349,-,-
21:11:16,1547,0.5428,-,-
21:11:14,1546,0.2946,-,-
21:11:14,1545,0.3828,-,-
21:11:12,1544,0.3071,-,-
21:11:10,1543,0.2134,-,-
21:11:08,1542,0.4186,-,-
21:11:08,1541,0.2601,-,-
21:11:06,1540,0.5476,-,-
21:11:04,1539,0.3064,-,-
21:11:02,1538,0.414,-,-
21:11:02,1537,0.3649,-,-
21:11:00,1536,0.2376,-,-
21:10:58,1535,0.4776,-,-
21:10:56,1534,0.4059,-,-
21:10:54,1533,0.1828,-,-
21:10:54,1532,0.172,-,-
21:10:52,1531,0.2309,-,-
21:10:50,1530,0.2161,-,-
21:10:48,1529,0.532,-,-
21:10:48,1528,0.366,-,-
21:10:46,1527,0.3445,-,-
21:10:44,1526,0.2219,-,-
21:10:42,1525,0.2588,-,-
21:10:42,1524,0.4331,-,-
21:10:40,1523,0.2979,-,-
21:10:38,1522,0.2544,-,-
21:10:36,1521,0.2782,-,-
21:10:34,1520,0.3651,-,-
21:10:34,1519,0.3518,-,-
21:10:32,1518,0.2858,-,-
21:10:30,1517,0.3886,-,-
21:10:28,1516,0.2131,-,-
21:10:28,1515,0.4031,-,-
21:10:26,1514,0.3079,-,-
21:10:24,1513,0.2007,-,-
21:10:22,1512,0.2412,-,-
21:10:22,1511,0.3234,-,-
21:10:20,1510,0.2794,-,-
21:10:18,1509,0.5962,-,-
21:10:16,1508,0.1905,-,-
21:10:14,1507,0.5759,-,-
21:10:14,1506,0.3539,-,-
21:10:12,1505,0.2478,-,-
21:10:10,1504,0.1444,-,-
21:10:08,1503,0.206,-,-
21:10:08,1502,0.2482,-,-
21:10:06,1501,0.1901,-,-
21:10:04,1500,0.2593,0.1908,-
21:10:02,1499,0.2687,-,-
21:10:00,1498,0.1918,-,-
21:10:00,1497,0.5923,-,-
21:09:58,1496,0.4156,-,-
21:09:56,1495,0.537,-,-
21:09:54,1494,0.2952,-,-
21:09:54,1493,0.4174,-,-
21:09:52,1492,0.3441,-,-
21:09:49,1491,0.1796,-,-
21:09:47,1490,0.233,-,-
21:09:45,1489,0.507,-,-
21:09:45,1488,0.2049,-,-
21:09:43,1487,0.2844,-,-
21:09:41,1486,0.2549,-,-
21:09:39,1485,0.2656,-,-
21:09:39,1484,0.5863,-,-
21:09:37,1483,0.3586,-,-
21:09:35,1482,0.3001,-,-
21:09:33,1481,0.148,-,-
21:09:33,1480,0.358,-,-
21:09:31,1479,0.4277,-,-
21:09:29,1478,0.1878,-,-
21:09:27,1477,0.1573,-,-
21:09:27,1476,0.4121,-,-
21:09:25,1475,0.3412,-,-
21:09:23,1474,0.2975,-,-
21:09:21,1473,0.4349,-,-
21:09:19,1472,0.1498,-,0.4046
21:09:05,1471,0.6307,-,-
21:09:03,1470,0.6351,-,-
21:09:03,1469,0.3764,-,-
21:09:01,1468,0.3144,-,-
21:08:59,1467,0.2739,-,-
21:08:57,1466,0.3899,-,-
21:08:57,1465,0.4403,-,-
21:08:55,1464,0.2893,-,-
21:08:53,1463,0.166,-,-
21:08:51,1462,0.5179,-,-
21:08:49,1461,0.4015,-,-
21:08:49,1460,0.3226,-,-
21:08:47,1459,0.3311,-,-
21:08:45,1458,0.4303,-,-
21:08:43,1457,0.4474,-,-
21:08:43,1456,0.4017,-,-
21:08:41,1455,0.3987,-,-
21:08:39,1454,0.523,-,-
21:08:37,1453,0.5501,-,-
21:08:37,1452,0.3166,-,-
21:08:35,1451,0.2697,-,-
21:08:33,1450,0.2626,-,-
21:08:31,1449,0.4719,-,-
21:08:29,1448,0.2945,-,-
21:08:29,1447,0.2327,-,-
21:08:27,1446,0.2914,-,-
21:08:25,1445,0.3841,-,-
21:08:23,1444,0.3215,-,-
21:08:23,1443,0.3825,-,-
21:08:21,1442,0.4048,-,-
21:08:19,1441,0.263,-,-
21:08:17,1440,0.2124,-,-
21:08:17,1439,0.2681,-,-
21:08:15,1438,0.2548,-,-
21:08:13,1437,0.3871,-,-
21:08:11,1436,0.218,-,-
21:08:09,1435,0.4255,-,-
21:08:09,1434,0.279,-,-
21:08:06,1433,0.4376,-,-
21:08:04,1432,0.2706,-,-
21:08:02,1431,0.3795,-,-
21:08:02,1430,0.3886,-,-
21:08:00,1429,0.536,-,-
21:07:58,1428,0.3415,-,-
21:07:56,1427,0.5013,-,-
21:07:56,1426,0.3412,-,-
21:07:54,1425,0.3245,-,-
21:07:52,1424,0.2387,-,-
21:07:50,1423,0.1945,-,-
21:07:48,1422,0.2397,-,-
21:07:48,1421,0.4065,-,-
21:07:46,1420,0.4769,-,-
21:07:44,1419,0.4478,-,-
21:07:42,1418,0.4554,-,-
21:07:42,1417,0.4253,-,-
21:07:40,1416,0.3684,-,-
21:07:38,1415,0.2536,-,-
21:07:36,1414,0.6147,-,-
21:07:34,1413,0.331,-,-
21:07:34,1412,0.1926,-,-
21:07:32,1411,0.2139,-,-
21:07:30,1410,0.431,-,-
21:07:28,1409,0.3466,-,-
21:07:28,1408,0.4066,-,-
21:07:26,1407,0.3728,-,-
21:07:24,1406,0.3013,-,-
21:07:22,1405,0.6484,-,-
21:07:22,1404,0.2153,-,-
21:07:20,1403,0.5844,-,-
21:07:18,1402,0.3464,-,-
21:07:16,1401,0.6649,-,-
21:07:16,1400,0.5589,0.3051,-
21:07:14,1399,0.3996,-,-
21:07:12,1398,0.3375,-,-
21:07:10,1397,0.2425,-,-
21:07:08,1396,0.5477,-,-
21:07:06,1395,0.5392,-,-
21:07:06,1394,0.2296,-,-
21:07:04,1393,0.261,-,-
21:07:02,1392,0.2237,-,-
21:07:00,1391,0.2421,-,-
21:07:00,1390,0.4431,-,-
21:06:58,1389,0.1796,-,-
21:06:56,1388,0.4974,-,-
21:06:54,1387,0.2898,-,-
21:06:52,1386,0.4308,-,-
21:06:52,1385,0.3332,-,-
21:06:50,1384,0.2336,-,-
21:06:48,1383,0.2156,-,-
21:06:46,1382,0.2262,-,-
21:06:46,1381,0.2106,-,-
21:06:44,1380,0.2259,-,-
21:06:42,1379,0.2944,-,-
21:06:40,1378,0.2353,-,-
21:06:40,1377,0.5156,-,-
21:06:38,1376,0.2728,-,-
21:06:36,1375,0.3189,-,-
21:06:34,1374,0.2142,-,-
21:06:32,1373,0.473,-,-
21:06:32,1372,0.2599,-,-
21:06:30,1371,0.2668,-,-
21:06:28,1370,0.2123,-,-
21:06:26,1369,0.3867,-,-
21:06:26,1368,0.4593,-,-
21:06:24,1367,0.2036,-,-
21:06:22,1366,0.4729,-,-
21:06:20,1365,0.458,-,-
21:06:20,1364,0.3742,-,-
21:06:18,1363,0.3239,-,-
21:06:16,1362,0.2029,-,-
21:06:13,1361,0.2671,-,-
21:06:13,1360,0.3806,-,-
21:06:11,1359,0.523,-,-
21:06:09,1358,0.3751,-,-
21:06:07,1357,0.26,-,-
21:06:05,1356,0.3299,-,-
21:06:05,1355,0.5014,-,-
21:06:03,1354,0.4026,-,-
21:06:01,1353,0.4553,-,-
21:05:59,1352,0.2094,-,-
21:05:59,1351,0.2755,-,-
21:05:57,1350,0.2664,-,-
21:05:55,1349,0.3622,-,-
21:05:53,1348,0.1717,-,-
21:05:51,1347,0.3981,-,-
21:05:51,1346,0.1843,-,-
21:05:49,1345,0.4852,-,-
21:05:47,1344,0.2919,-,-
21:05:45,1343,0.4462,-,-
21:05:45,1342,0.3211,-,-
21:05:43,1341,0.3475,-,-
21:05:41,1340,0.2802,-,-
21:05:39,1339,0.4915,-,-
21:05:39,1338,0.4113,-,-
21:05:37,1337,0.4128,-,-
21:05:35,1336,0.207,-,-
21:05:33,1335,0.2426,-,-
21:05:31,1334,0.3925,-,-
21:05:31,1333,0.1936,-,-
21:05:29,1332,0.585,-,-
21:05:27,1331,0.6306,-,-
21:05:25,1330,0.422,-,-
21:05:25,1329,0.3283,-,-
21:05:23,1328,0.3611,-,-
21:05:21,1327,0.5112,-,-
21:05:19,1326,0.6447,-,-
21:05:19,1325,0.2107,-,-
21:05:17,1324,0.5404,-,-
21:05:15,1323,0.5208,-,-
21:05:13,1322,0.2034,-,-
21:05:11,1321,0.4255,-,-
21:05:11,1320,0.3005,-,-
21:05:09,1319,0.3878,-,-
21:05:07,1318,0.1852,-,-
21:05:05,1317,0.1765,-,-
21:05:05,1316,0.3802,-,-
21:05:03,1315,0.3347,-,-
21:05:01,1314,0.4824,-,-
21:04:59,1313,0.1531,-,-
21:04:59,1312,0.7054,-,-
21:04:57,1311,0.4669,-,-
21:04:55,1310,0.3378,-,-
21:04:53,1309,0.5643,-,-
21:04:51,1308,0.3653,-,-
21:04:51,1307,0.3929,-,-
21:04:49,1306,0.3045,-,-
21:04:47,1305,0.3044,-,-
21:04:45,1304,0.5179,-,-
21:04:45,1303,0.351,-,-
21:04:43,1302,0.4666,-,-
21:04:41,1301,0.2165,-,-
21:04:39,1300,0.4207,0.2178,-
21:04:39,1299,0.4404,-,-
21:04:37,1298,0.305,-,-
21:04:35,1297,0.388,-,-
21:04:33,1296,0.3809,-,-
21:04:31,1295,0.2381,-,-
21:04:29,1294,0.5129,-,-
21:04:29,1293,0.2748,-,-
21:04:27,1292,0.2361,-,-
21:04:25,1291,0.4582,-,-
21:04:22,1290,0.2875,-,-
21:04:22,1289,0.2625,-,-
21:04:20,1288,0.2253,-,-
21:04:18,1287,0.5973,-,-
21:04:16,1286,0.2925,-,-
21:04:16,1285,0.3768,-,-
21:04:14,1284,0.3968,-,-
21:04:12,1283,0.2835,-,-
21:04:10,1282,0.1737,-,-
21:04:08,1281,0.4506,-,-
21:04:08,1280,0.4216,-,-
21:04:06,1279,0.2133,-,-
21:04:04,1278,0.382,-,-
21:04:02,1277,0.4344,-,-
21:04:02,1276,0.3614,-,-
21:04:00,1275,0.478,-,-
21:03:58,1274,0.5485,-,-
21:03:56,1273,0.2397,-,-
21:03:56,1272,0.2769,-,-
21:03:54,1271,0.3397,-,-
21:03:52,1270,0.2589,-,-
21:03:50,1269,0.2631,-,-
21:03:48,1268,0.1934,-,-
21:03:48,1267,0.4835,-,-
21:03:46,1266,0.2525,-,-
21:03:44,1265,0.4461,-,-
21:03:42,1264,0.6237,-,-
21:03:42,1263,0.3349,-,-
21:03:40,1262,0.4698,-,-
21:03:38,1261,0.7953,-,-
21:03:36,1260,0.4803,-,-
21:03:36,1259,0.5152,-,-
21:03:34,1258,0.311,-,-
21:03:32,1257,0.2803,-,-
21:03:30,1256,0.265,-,-
21:03:28,1255,0.4002,-,-
21:03:28,1254,0.3567,-,-
21:03:26,1253,0.2435,-,-
21:03:24,1252,0.4308,-,-
21:03:22,1251,0.4764,-,-
21:03:22,1250,0.6165,-,-
21:03:20,1249,0.2404,-,-
21:03:18,1248,0.308,-,-
21:03:16,1247,0.2796,-,-
21:03:16,1246,0.5028,-,-
21:03:14,1245,0.3436,-,-
21:03:12,1244,0.217,-,-
21:03:10,1243,0.3157,-,-
21:03:10,1242,0.5363,-,-
21:03:08,1241,0.3473,-,-
21:03:06,1240,0.2956,-,-
21:03:04,1239,0.3257,-,-
21:03:04,1238,0.2595,-,-
21:03:02,1237,0.4535,-,-
21:03:00,1236,0.4244,-,-
21:02:58,1235,0.2863,-,-
21:02:56,1234,0.4034,-,-
21:02:56,1233,0.4829,-,-
21:02:54,1232,0.3128,-,-
21:02:52,1231,0.2508,-,-
21:02:50,1230,0.2523,-,-
21:02:50,1229,0.3297,-,-
21:02:48,1228,0.2506,-,-
21:02:46,1227,0.7072,-,-
21:02:44,1226,0.5153,-,-
21:02:44,1225,0.3519,-,-
21:02:42,1224,0.3693,-,-
21:02:40,1223,0.3546,-,-
21:02:38,1222,0.3954,-,-
21:02:38,1221,0.354,-,-
21:02:36,1220,0.3131,-,-
21:02:34,1219,0.5011,-,-
21:02:32,1218,0.4341,-,-
21:02:30,1217,0.3997,-,-
21:02:30,1216,0.277,-,-
21:02:28,1215,0.4261,-,-
21:02:26,1214,0.2418,-,-
21:02:23,1213,0.5756,-,-
21:02:23,1212,0.2691,-,-
21:02:21,1211,0.3408,-,-
21:02:19,1210,0.1845,-,-
21:02:17,1209,0.409,-,-
21:02:17,1208,0.3736,-,-
21:02:15,1207,0.4368,-,-
21:02:13,1206,0.5848,-,-
21:02:11,1205,0.4006,-,-
21:02:09,1204,0.2281,-,-
21:02:09,1203,0.6012,-,-
21:02:07,1202,0.5232,-,-
21:02:05,1201,0.2182,-,-
21:02:03,1200,0.4799,0.2626,-
21:02:03,1199,0.2691,-,-
21:02:01,1198,0.4092,-,-
21:01:59,1197,0.3406,-,-
21:01:57,1196,0.5907,-,-
21:01:55,1195,0.3503,-,-
21:01:55,1194,0.4579,-,-
21:01:53,1193,0.6581,-,-
21:01:51,1192,0.3156,-,-
21:01:49,1191,0.2295,-,-
21:01:49,1190,0.5299,-,-
21:01:47,1189,0.3979,-,-
21:01:45,1188,0.4725,-,-
21:01:43,1187,0.3998,-,-
21:01:41,1186,0.3759,-,-
21:01:41,1185,0.2747,-,-
21:01:39,1184,0.291,-,-
21:01:37,1183,0.1796,-,-
21:01:35,1182,0.397,-,-
21:01:35,1181,0.5994,-,-
21:01:33,1180,0.2609,-,-
21:01:31,1179,0.7071,-,-
21:01:29,1178,0.4489,-,-
21:01:29,1177,0.4145,-,-
21:01:27,1176,0.2945,-,-
21:01:25,1175,0.2234,-,-
21:01:23,1174,0.4197,-,-
21:01:23,1173,0.2479,-,-
21:01:21,1172,0.7685,-,-
21:01:19,1171,0.3635,-,-
21:01:17,1170,0.5629,-,-
21:01:17,1169,0.3839,-,-
21:01:15,1168,0.2897,-,-
21:01:13,1167,0.4982,-,-
21:01:11,1166,0.1613,-,-
21:01:09,1165,0.2869,-,-
21:01:09,1164,0.2508,-,-
21:01:07,1163,0.2505,-,-
21:01:05,1162,0.3585,-,-
21:01:03,1161,0.225,-,-
21:01:03,1160,0.275,-,-
21:01:01,1159,0.3938,-,-
21:00:59,1158,0.3749,-,-
21:00:45,1157,0.2867,-,-
21:00:43,1156,0.4641,-,-
21:00:41,1155,0.5124,-,-
21:00:41,1154,0.4224,-,-
21:00:39,1153,0.3035,-,-
21:00:37,1152,0.3199,-,-
21:00:35,1151,0.3586,-,-
21:00:33,1150,0.2315,-,-
21:00:33,1149,0.3727,-,-
21:00:30,1148,0.5381,-,-
21:00:28,1147,0.3711,-,-
21:00:26,1146,0.2483,-,-
21:00:26,1145,0.3152,-,-
21:00:24,1144,0.3562,-,-
21:00:22,1143,0.2911,-,-
21:00:20,1142,0.4551,-,-
21:00:20,1141,0.2509,-,-
21:00:18,1140,0.4541,-,-
21:00:16,1139,0.3005,-,-
21:00:14,1138,0.6432,-,-
21:00:12,1137,0.4603,-,-
21:00:12,1136,0.2852,-,-
21:00:10,1135,0.6592,-,-
21:00:08,1134,0.2445,-,-
21:00:06,1133,0.2893,-,-
21:00:06,1132,0.3664,-,-
21:00:04,1131,0.4789,-,-
21:00:02,1130,0.467,-,-
21:00:00,1129,0.4152,-,-
21:00:00,1128,0.2329,-,-
20:59:58,1127,0.6929,-,-
20:59:56,1126,0.3118,-,-
20:59:54,1125,0.2771,-,-
20:59:54,1124,0.1973,-,-
20:59:52,1123,0.5281,-,-
20:59:50,1122,0.413,-,-
20:59:48,1121,0.2666,-,-
20:59:48,1120,0.5894,-,-
20:59:46,1119,0.5033,-,-
20:59:44,1118,0.201,-,-
20:59:42,1117,0.3116,-,-
20:59:40,1116,0.32,-,-
20:59:40,1115,0.2538,-,-
20:59:38,1114,0.218,-,-
20:59:36,1113,0.4111,-,-
20:59:34,1112,0.2539,-,-
20:59:34,1111,0.1717,-,-
20:59:32,1110,0.3286,-,-
20:59:30,1109,0.3981,-,-
20:59:28,1108,0.319,-,-
20:59:28,1107,0.3973,-,-
20:59:26,1106,0.3554,-,-
20:59:24,1105,0.3232,-,-
20:59:22,1104,0.4101,-,-
20:59:20,1103,0.4225,-,-
20:59:20,1102,0.4001,-,-
20:59:18,1101,0.1731,-,-
20:59:16,1100,0.3918,0.4208,-
20:59:14,1099,0.2728,-,-
20:59:12,1098,0.3993,-,-
20:59:12,1097,0.2824,-,-
20:59:10,1096,0.4161,-,-
20:59:08,1095,0.3128,-,-
20:59:06,1094,0.2753,-,-
20:59:06,1093,0.3605,-,-
20:59:04,1092,0.3674,-,-
20:59:02,1091,0.243,-,-
20:59:00,1090,0.4972,-,-
20:58:58,1089,0.2003,-,-
20:58:58,1088,0.3337,-,-
20:58:56,1087,0.4496,-,-
20:58:54,1086,0.3165,-,-
20:58:52,1085,0.3584,-,-
20:58:52,1084,0.347,-,-
20:58:50,1083,0.362,-,-
20:58:48,1082,0.4225,-,-
20:58:46,1081,0.4073,-,-
20:58:46,1080,0.244,-,-
20:58:44,1079,0.2996,-,-
20:58:42,1078,0.4458,-,-
20:58:40,1077,0.2827,-,-
20:58:40,1076,0.2844,-,-
20:58:37,1075,0.4605,-,-
20:58:35,1074,0.2295,-,-
20:58:33,1073,0.1738,-,-
20:58:31,1072,0.7348,-,-
20:58:31,1071,0.3544,-,-
20:58:29,1070,0.3657,-,-
20:58:27,1069,0.4313,-,-
20:58:25,1068,0.4236,-,-
20:58:25,1067,0.5329,-,-
20:58:23,1066,0.5245,-,-
20:58:21,1065,0.7917,-,-
20:58:19,1064,0.2819,-,-
20:58:19,1063,0.2039,-,-
20:58:17,1062,0.3583,-,-
20:58:15,1061,0.4404,-,-
20:58:13,1060,0.3304,-,-
20:58:13,1059,0.1916,-,-
20:58:11,1058,0.3954,-,-
20:58:09,1057,0.2753,-,-
20:58:07,1056,0.2603,-,-
20:58:05,1055,0.4193,-,-
20:58:05,1054,0.2718,-,-
20:58:03,1053,0.5622,-,-
20:58:01,1052,0.2532,-,-
20:57:59,1051,0.3926,-,-
20:57:59,1050,0.2493,-,-
20:57:57,1049,0.2129,-,-
20:57:55,1048,0.4418,-,-
20:57:53,1047,0.2109,-,-
20:57:53,1046,0.2429,-,-
20:57:51,1045,0.3506,-,-
20:57:49,1044,0.6065,-,-
20:57:47,1043,0.4324,-,-
20:57:47,1042,0.286,-,-
20:57:45,1041,0.4715,-,-
20:57:43,1040,0.4004,-,-
20:57:41,1039,0.3914,-,-
20:57:39,1038,0.3359,-,-
20:57:39,1037,0.5707,-,-
20:57:37,1036,0.2168,-,-
20:57:35,1035,0.3429,-,-
20:57:33,1034,0.2656,-,-
20:57:33,1033,0.3323,-,-
20:57:31,1032,0.2759,-,-
20:57:29,1031,0.7378,-,-
20:57:27,1030,0.5232,-,-
20:57:27,1029,0.3432,-,-
20:57:25,1028,0.2101,-,-
20:57:23,1027,0.2854,-,-
20:57:21,1026,0.3536,-,-
20:57:21,1025,0.6909,-,-
20:57:19,1024,0.2747,-,-
20:57:17,1023,0.3904,-,-
20:57:15,1022,0.4467,-,-
20:57:15,1021,0.3201,-,-
20:57:13,1020,0.244,-,-
20:57:11,1019,0.2792,-,-
20:57:09,1018,0.4556,-,-
20:57:07,1017,0.6534,-,-
20:57:07,1016,0.301,-,-
20:57:05,1015,0.4667,-,-
20:57:03,1014,0.6161,-,-
20:57:01,1013,0.2831,-,-
20:57:01,1012,0.224,-,-
20:56:59,1011,0.2903,-,-
20:56:57,1010,0.4995,-,-
20:56:55,1009,0.2119,-,-
20:56:55,1008,0.445,-,-
20:56:53,1007,0.5009,-,-
20:56:50,1006,0.6042,-,-
20:56:48,1005,0.1735,-,-
20:56:48,1004,0.221,-,-
20:56:46,1003,0.6005,-,-
20:56:44,1002,0.3333,-,-
20:56:42,1001,0.372,-,-
20:56:42,1000,0.5713,0.459,-
20:56:40,999,0.527,-,-
20:56:38,998,0.1822,-,-
20:56:36,997,0.5892,-,-
20:56:34,996,0.4297,-,-
20:56:32,995,0.3035,-,-
20:56:32,994,0.2865,-,-
20:56:30,993,0.4539,-,-
20:56:28,992,0.2027,-,-
20:56:26,991,0.2332,-,-
20:56:26,990,0.3312,-,-
20:56:24,989,0.294,-,-
20:56:22,988,0.227,-,-
20:56:20,987,0.2496,-,-
20:56:20,986,0.2573,-,-
20:56:18,985,0.3034,-,-
20:56:16,984,0.3083,-,-
20:56:14,983,0.267,-,-
20:56:14,982,0.3738,-,-
20:56:12,981,0.4468,-,-
20:56:10,980,0.5649,-,-
20:56:08,979,0.7479,-,-
20:56:08,978,0.1828,-,-
20:56:06,977,0.461,-,-
20:56:04,976,0.3952,-,-
20:56:02,975,0.4047,-,-
20:56:00,974,0.1452,-,-
20:56:00,973,0.337,-,-
20:55:58,972,0.4168,-,-
20:55:56,971,0.3313,-,-
20:55:54,970,0.3238,-,-
20:55:54,969,0.497,-,-
20:55:52,968,0.3265,-,-
20:55:50,967,0.283,-,-
20:55:48,966,0.3458,-,-
20:55:48,965,6.8613,-,-
20:55:46,964,0.1926,-,-
20:55:44,963,0.4441,-,-
20:55:42,962,0.3096,-,-
20:55:42,961,0.4083,-,-
20:55:40,960,0.4138,-,-
20:55:38,959,0.165,-,-
20:55:36,958,0.1909,-,-
20:55:34,957,0.5106,-,-
20:55:34,956,0.2687,-,-
20:55:32,955,0.3798,-,-
20:55:30,954,0.2387,-,-
20:55:28,953,0.2028,-,-
20:55:28,952,0.2561,-,-
20:55:26,951,0.3992,-,-
20:55:24,950,0.1658,-,-
20:55:22,949,0.3716,-,-
20:55:22,948,0.3895,-,-
20:55:20,947,0.2414,-,-
20:55:18,946,0.2511,-,-
20:55:16,945,0.3487,-,-
20:55:16,944,0.4429,-,-
20:55:14,943,0.2704,-,-
20:55:12,942,0.5215,-,-
20:55:10,941,0.4067,-,-
20:55:10,940,0.4885,-,-
20:55:08,939,0.3691,-,-
20:55:06,938,0.1121,-,-
20:55:04,937,0.2865,-,-
20:55:04,936,0.2731,-,-
20:55:01,935,0.6398,-,-
20:54:59,934,0.3238,-,-
20:54:57,933,0.2742,-,-
20:54:55,932,0.4315,-,-
20:54:55,931,0.2475,-,-
20:54:53,930,0.6532,-,-
20:54:51,929,0.302,-,-
20:54:49,928,0.4527,-,-
20:54:49,927,0.3693,-,-
20:54:47,926,0.3883,-,-
20:54:45,925,0.5483,-,-
20:54:43,924,0.2285,-,-
20:54:43,923,0.6022,-,-
20:54:41,922,0.3386,-,-
20:54:39,921,0.3344,-,-
20:54:37,920,0.6089,-,-
20:54:37,919,0.2223,-,-
20:54:35,918,0.3112,-,-
20:54:33,917,0.474,-,-
20:54:31,916,0.1829,-,-
20:54:31,915,0.211,-,-
20:54:29,914,0.5639,-,-
20:54:27,913,0.2578,-,-
20:54:25,912,0.3935,-,-
20:54:25,911,0.3805,-,-
20:54:23,910,0.3208,-,-
20:54:21,909,0.3554,-,-
20:54:19,908,0.2464,-,-
20:54:19,907,0.5131,-,-
20:54:17,906,0.2454,-,-
20:54:15,905,0.3826,-,-
20:54:13,904,0.251,-,-
20:54:13,903,0.4414,-,-
20:54:11,902,0.4675,-,-
20:54:09,901,0.6217,-,-
20:54:07,900,0.5141,0.2992,-
20:54:05,899,0.3372,-,-
20:54:05,898,0.3166,-,-
20:54:03,897,0.3674,-,-
20:54:01,896,0.2485,-,-
20:53:59,895,0.4819,-,-
20:53:57,894,0.1573,-,-
20:53:57,893,0.2066,-,-
20:53:55,892,0.2417,-,-
20:53:53,891,0.3689,-,-
20:53:51,890,0.3679,-,-
20:53:51,889,0.5296,-,-
20:53:49,888,0.2808,-,-
20:53:47,887,0.2478,-,-
20:53:45,886,0.2066,-,-
20:53:45,885,0.5268,-,-
20:53:43,884,0.3674,-,-
20:53:41,883,0.2315,-,-
20:53:39,882,0.195,-,-
20:53:39,881,0.3033,-,-
20:53:37,880,0.4299,-,-
20:53:35,879,0.2215,-,-
20:53:33,878,0.2601,-,-
20:53:31,877,0.2121,-,-
20:53:31,876,0.4869,-,-
20:53:29,875,0.2944,-,-
20:53:27,874,0.4165,-,-
20:53:25,873,0.4123,-,-
20:53:25,872,0.2544,-,-
20:53:23,871,0.3818,-,-
20:53:21,870,0.3946,-,-
20:53:19,869,0.2415,-,-
20:53:19,868,0.4938,-,-
20:53:17,867,0.5879,-,-
20:53:15,866,0.2755,-,-
20:53:13,865,0.5491,-,-
20:53:13,864,0.2317,-,-
20:53:11,863,0.3021,-,-
20:53:08,862,0.2756,-,-
20:53:06,861,0.2992,-,-
20:53:06,860,0.4493,-,-
20:53:04,859,0.4421,-,-
20:53:02,858,0.3574,-,-
20:53:00,857,0.53,-,-
20:53:00,856,0.3586,-,-
20:52:58,855,0.3955,-,-
20:52:56,854,0.3234,-,-
20:52:54,853,0.2095,-,-
20:52:54,852,0.3094,-,-
20:52:52,851,0.5918,-,-
20:52:50,850,0.2452,-,-
20:52:48,849,0.5376,-,-
20:52:46,848,0.4277,-,-
20:52:46,847,0.3022,-,-
20:52:44,846,0.2064,-,-
20:52:42,845,0.219,-,-
20:52:40,844,0.3612,-,-
20:52:40,843,0.5025,-,-
20:52:38,842,0.3354,-,-
20:52:36,841,0.3538,-,-
20:52:34,840,0.4815,-,-
20:52:34,839,0.4211,-,-
20:52:32,838,0.4703,-,-
20:52:30,837,0.6036,-,-
20:52:28,836,0.3981,-,-
20:52:28,835,0.5344,-,-
20:52:26,834,0.2789,-,-
20:52:24,833,0.2304,-,-
20:52:22,832,0.3431,-,-
20:52:22,831,0.2836,-,-
20:52:20,830,0.6324,-,-
20:52:18,829,0.4225,-,-
20:52:16,828,0.2626,-,-
20:52:14,827,0.2594,-,-
20:52:14,826,0.2994,-,-
20:52:12,825,0.3571,-,-
20:52:10,824,0.3152,-,-
20:52:08,823,0.3658,-,-
20:52:08,822,0.3742,-,-
20:52:06,821,0.4256,-,-
20:52:04,820,0.2349,-,-
20:52:02,819,0.4339,-,-
20:52:02,818,0.2849,-,-
20:52:00,817,0.3316,-,-
20:51:58,816,0.5511,-,-
20:51:56,815,0.3389,-,-
20:51:56,814,0.3435,-,-
20:51:54,813,0.4897,-,-
20:51:52,812,0.373,-,-
20:51:50,811,0.2171,-,-
20:51:50,810,0.2402,-,-
20:51:48,809,0.4366,-,-
20:51:46,808,0.4339,-,-
20:51:44,807,0.4664,-,-
20:51:42,806,0.3429,-,-
20:51:42,805,0.537,-,-
20:51:40,804,0.2191,-,-
20:51:38,803,0.4462,-,-
20:51:36,802,0.3454,-,-
20:51:36,801,0.3534,-,-
20:51:34,800,0.3845,0.4388,-
20:51:32,799,0.2505,-,-
20:51:30,798,0.3412,-,-
20:51:28,797,0.3367,-,-
20:51:28,796,0.2882,-,-
20:51:26,795,0.3883,-,-
20:51:24,794,0.5352,-,-
20:51:22,793,0.3717,-,-
20:51:22,792,0.4609,-,-
20:51:20,791,0.3539,-,-
20:51:18,790,0.43,-,-
20:51:16,789,0.2849,-,-
20:51:13,788,0.5273,-,-
20:51:13,787,0.2113,-,-
20:51:11,786,0.2929,-,-
20:51:09,785,0.403,-,-
20:51:07,784,0.6559,-,-
20:51:07,783,0.2618,-,-
20:51:05,782,0.3717,-,-
20:51:03,781,0.2927,-,-
20:51:01,780,0.6597,-,-
20:51:01,779,0.3384,-,-
20:50:59,778,0.546,-,-
20:50:57,777,0.4414,-,-
20:50:55,776,0.2284,-,-
20:50:55,775,0.238,-,-
20:50:53,774,0.4139,-,-
20:50:51,773,0.4276,-,-
20:50:49,772,0.2194,-,-
20:50:49,771,0.4848,-,-
20:50:47,770,0.3175,-,-
20:50:45,769,0.3531,-,-
20:50:43,768,0.298,-,-
20:50:41,767,0.235,-,-
20:50:41,766,0.6195,-,-
20:50:39,765,0.2594,-,-
20:50:37,764,0.481,-,-
20:50:35,763,0.3999,-,-
20:50:35,762,0.326,-,-
20:50:33,761,0.448,-,-
20:50:31,760,0.4613,-,-
20:50:29,759,0.4698,-,-
20:50:29,758,0.1309,-,-
20:50:27,757,0.2161,-,-
20:50:25,756,0.5119,-,-
20:50:23,755,0.1981,-,-
20:50:23,754,0.3328,-,-
20:50:21,753,0.5182,-,-
20:50:19,752,0.3082,-,-
20:50:17,751,0.3529,-,-
20:50:17,750,0.3001,-,-
20:50:15,749,0.3356,-,-
20:50:13,748,0.3641,-,-
20:50:11,747,0.2516,-,-
20:50:09,746,0.2309,-,-
20:50:09,745,0.2686,-,-
20:50:07,744,0.1949,-,-
20:50:05,743,0.4019,-,-
20:50:03,742,0.3243,-,-
20:50:03,741,0.4346,-,-
20:50:01,740,0.2852,-,-
20:49:59,739,0.2247,-,-
20:49:57,738,0.2239,-,-
20:49:57,737,0.2341,-,-
20:49:55,736,0.4827,-,0.4073
20:49:39,735,0.3789,-,-
20:49:37,734,0.3816,-,-
20:49:37,733,0.5248,-,-
20:49:35,732,0.7651,-,-
20:49:33,731,0.3612,-,-
20:49:30,730,0.6117,-,-
20:49:28,729,0.5873,-,-
20:49:28,728,0.4228,-,-
20:49:26,727,0.4076,-,-
20:49:24,726,0.1877,-,-
20:49:22,725,0.4635,-,-
20:49:22,724,0.3017,-,-
20:49:20,723,0.3126,-,-
20:49:18,722,0.1951,-,-
20:49:16,721,0.3586,-,-
20:49:16,720,0.4539,-,-
20:49:14,719,0.2966,-,-
20:49:12,718,0.6068,-,-
20:49:10,717,0.3296,-,-
20:49:10,716,0.4066,-,-
20:49:08,715,0.3944,-,-
20:49:06,714,0.4331,-,-
20:49:04,713,0.4142,-,-
20:49:02,712,0.2711,-,-
20:49:02,711,0.4596,-,-
20:49:00,710,0.6082,-,-
20:48:58,709,0.7794,-,-
20:48:56,708,0.295,-,-
20:48:56,707,0.3135,-,-
20:48:54,706,0.4522,-,-
20:48:52,705,0.2875,-,-
20:48:50,704,0.2911,-,-
20:48:50,703,0.4809,-,-
20:48:48,702,0.5454,-,-
20:48:46,701,0.1789,-,-
20:48:44,700,0.5313,0.1719,-
20:48:44,699,0.655,-,-
20:48:42,698,0.4389,-,-
20:48:40,697,0.5914,-,-
20:48:38,696,0.539,-,-
20:48:36,695,0.2454,-,-
20:48:36,694,0.2971,-,-
20:48:34,693,0.6444,-,-
20:48:32,692,0.4505,-,-
20:48:30,691,0.4456,-,-
20:48:28,690,0.3277,-,-
20:48:28,689,0.4913,-,-
20:48:26,688,0.2892,-,-
20:48:24,687,0.4175,-,-
20:48:22,686,0.2803,-,-
20:48:22,685,0.4591,-,-
20:48:20,684,0.4029,-,-
20:48:18,683,0.4508,-,-
20:48:16,682,0.4296,-,-
20:48:16,681,0.3005,-,-
20:48:14,680,0.388,-,-
20:48:12,679,0.2997,-,-
20:48:10,678,0.2849,-,-
20:48:10,677,0.3529,-,-
20:48:08,676,0.3102,-,-
20:48:06,675,0.6023,-,-
20:48:04,674,0.309,-,-
20:48:04,673,0.2643,-,-
20:48:02,672,0.5004,-,-
20:48:00,671,0.2907,-,-
20:47:58,670,0.3511,-,-
20:47:56,669,0.3782,-,-
20:47:56,668,0.4024,-,-
20:47:54,667,0.304,-,-
20:47:52,666,0.4833,-,-
20:47:50,665,0.5076,-,-
20:47:50,664,0.541,-,-
20:47:48,663,0.3729,-,-
20:47:46,662,0.323,-,-
20:47:44,661,0.5854,-,-
20:47:44,660,0.3817,-,-
20:47:42,659,0.3354,-,-
20:47:40,658,0.4948,-,-
20:47:37,657,0.2266,-,-
20:47:37,656,0.5835,-,-
20:47:35,655,0.6645,-,-
20:47:33,654,0.3367,-,-
20:47:31,653,0.5991,-,-
20:47:29,652,0.5114,-,-
20:47:29,651,0.2865,-,-
20:47:27,650,0.2889,-,-
20:47:25,649,0.3376,-,-
20:47:23,648,0.3337,-,-
20:47:23,647,0.3283,-,-
20:47:21,646,0.503,-,-
20:47:19,645,0.3479,-,-
20:47:17,644,0.5291,-,-
20:47:17,643,0.3913,-,-
20:47:15,642,0.4131,-,-
20:47:13,641,0.2503,-,-
20:47:11,640,0.5017,-,-
20:47:11,639,0.3327,-,-
20:47:09,638,0.3739,-,-
20:47:07,637,0.3711,-,-
20:47:05,636,0.5479,-,-
20:47:05,635,0.3822,-,-
20:47:03,634,0.7296,-,-
20:47:01,633,0.4844,-,-
20:46:59,632,0.4242,-,-
20:46:59,631,0.3019,-,-
20:46:57,630,0.2856,-,-
20:46:55,629,0.4208,-,-
20:46:53,628,0.2984,-,-
20:46:53,627,0.3128,-,-
20:46:51,626,0.452,-,-
20:46:49,625,0.3137,-,-
20:46:47,624,0.4875,-,-
20:46:47,623,0.4948,-,-
20:46:45,622,0.3331,-,-
20:46:43,621,0.292,-,-
20:46:41,620,0.236,-,-
20:46:39,619,0.4047,-,-
20:46:39,618,0.3637,-,-
20:46:37,617,0.5069,-,-
20:46:35,616,0.2802,-,-
20:46:33,615,0.2256,-,-
20:46:33,614,0.2301,-,-
20:46:31,613,0.3759,-,-
20:46:29,612,0.4079,-,-
20:46:27,611,0.4263,-,-
20:46:27,610,0.2689,-,-
20:46:25,609,0.5064,-,-
20:46:23,608,0.3119,-,-
20:46:21,607,0.2595,-,-
20:46:21,606,0.4165,-,-
20:46:19,605,0.3863,-,-
20:46:17,604,0.4259,-,-
20:46:15,603,0.5214,-,-
20:46:15,602,0.5232,-,-
20:46:13,601,0.5377,-,-
20:46:11,600,0.3669,0.3498,-
20:46:09,599,0.3161,-,-
20:46:07,598,0.4077,-,-
20:46:07,597,0.3456,-,-
20:46:05,596,0.4362,-,-
20:46:03,595,0.4096,-,-
20:46:01,594,0.4988,-,-
20:46:01,593,0.2783,-,-
20:45:59,592,0.4966,-,-
20:45:42,591,0.4951,-,-
20:45:42,590,0.4511,-,-
20:45:40,589,0.2859,-,-
20:45:38,588,0.2947,-,-
20:45:36,587,0.3451,-,-
20:45:36,586,0.3179,-,-
20:45:34,585,0.5624,-,-
20:45:32,584,0.4452,-,-
20:45:30,583,0.338,-,-
20:45:30,582,0.5218,-,-
20:45:28,581,0.4733,-,-
20:45:26,580,0.2842,-,-
20:45:24,579,0.267,-,-
20:45:22,578,0.4762,-,-
20:45:22,577,0.5639,-,-
20:45:20,576,0.6169,-,-
20:45:18,575,0.4283,-,-
20:45:16,574,0.3364,-,-
20:45:16,573,0.3019,-,-
20:45:14,572,0.4202,-,-
20:45:12,571,0.3755,-,-
20:45:10,570,0.3486,-,-
20:45:10,569,0.3218,-,-
20:45:08,568,0.2371,-,-
20:45:06,567,0.4072,-,-
20:45:04,566,0.2835,-,-
20:45:04,565,0.3505,-,-
20:45:02,564,0.2668,-,-
20:45:00,563,0.7973,-,-
20:44:58,562,0.4905,-,-
20:44:58,561,0.4455,-,-
20:44:56,560,0.2653,-,-
20:44:54,559,0.4207,-,-
20:44:52,558,0.3348,-,-
20:44:52,557,0.6042,-,-
20:44:50,556,0.4774,-,-
20:44:48,555,0.4126,-,-
20:44:46,554,0.5208,-,-
20:44:46,553,0.288,-,-
20:44:44,552,0.5632,-,-
20:44:42,551,0.5709,-,-
20:44:40,550,0.3055,-,-
20:44:40,549,0.2559,-,-
20:44:38,548,0.6186,-,-
20:44:36,547,0.2327,-,-
20:44:34,546,0.2408,-,-
20:44:32,545,0.4647,-,-
20:44:32,544,0.3084,-,-
20:44:30,543,0.1971,-,-
20:44:28,542,0.4931,-,-
20:44:26,541,0.2677,-,-
20:44:26,540,0.2913,-,-
20:44:24,539,0.5164,-,-
20:44:22,538,0.7095,-,-
20:44:20,537,0.3731,-,-
20:44:20,536,0.2258,-,-
20:44:18,535,0.4239,-,-
20:44:16,534,0.5552,-,-
20:44:14,533,0.5597,-,-
20:44:14,532,0.3074,-,-
20:44:12,531,0.3363,-,-
20:44:10,530,0.5093,-,-
20:44:08,529,0.3874,-,-
20:44:08,528,0.3959,-,-
20:44:06,527,0.5668,-,-
20:44:04,526,0.3955,-,-
20:44:02,525,0.2133,-,-
20:44:02,524,0.2019,-,-
20:43:59,523,0.3542,-,-
20:43:57,522,0.7814,-,-
20:43:55,521,0.3316,-,-
20:43:55,520,0.2617,-,-
20:43:53,519,0.4762,-,-
20:43:51,518,0.3538,-,-
20:43:49,517,0.2618,-,-
20:43:49,516,0.646,-,-
20:43:47,515,0.5767,-,-
20:43:45,514,0.3917,-,-
20:43:43,513,0.2985,-,-
20:43:43,512,0.7171,-,-
20:43:41,511,0.4343,-,-
20:43:39,510,0.7093,-,-
20:43:37,509,0.4596,-,-
20:43:35,508,0.4821,-,-
20:43:35,507,0.4589,-,-
20:43:33,506,0.2556,-,-
20:43:31,505,0.5768,-,-
20:43:29,504,0.4094,-,-
20:43:29,503,0.4443,-,-
20:43:27,502,0.655,-,-
20:43:25,501,0.3544,-,-
20:43:23,500,0.3804,0.4504,-
20:43:23,499,0.507,-,-
20:43:21,498,0.4871,-,-
20:43:19,497,0.4625,-,-
20:43:17,496,0.2102,-,-
20:43:15,495,0.3184,-,-
20:43:15,494,0.334,-,-
20:43:13,493,0.4967,-,-
20:43:11,492,0.3234,-,-
20:43:09,491,0.5474,-,-
20:43:07,490,0.3287,-,-
20:43:07,489,0.4639,-,-
20:43:05,488,0.4572,-,-
20:43:03,487,0.3424,-,-
20:43:01,486,0.4397,-,-
20:43:01,485,0.3228,-,-
20:42:59,484,0.3276,-,-
20:42:57,483,0.3083,-,-
20:42:55,482,0.6947,-,-
20:42:55,481,0.4274,-,-
20:42:53,480,0.6773,-,-
20:42:51,479,0.386,-,-
20:42:49,478,0.6778,-,-
20:42:49,477,0.2498,-,-
20:42:47,476,0.3106,-,-
20:42:45,475,0.4267,-,-
20:42:43,474,0.3325,-,-
20:42:43,473,0.398,-,-
20:42:41,472,0.394,-,-
20:42:39,471,0.2562,-,-
20:42:37,470,0.3698,-,-
20:42:37,469,0.2547,-,-
20:42:35,468,0.3224,-,-
20:42:33,467,0.5192,-,-
20:42:31,466,0.3299,-,-
20:42:31,465,0.5916,-,-
20:42:29,464,0.4636,-,-
20:42:27,463,0.6961,-,-
20:42:25,462,0.2756,-,-
20:42:25,461,0.2311,-,-
20:42:23,460,0.5271,-,-
20:42:21,459,0.3819,-,-
20:42:19,458,0.5603,-,-
20:42:19,457,0.3601,-,-
20:42:17,456,0.3829,-,-
20:42:14,455,0.3432,-,-
20:42:12,454,0.8454,-,-
20:42:12,453,0.5027,-,-
20:42:10,452,0.4138,-,-
20:42:08,451,0.3189,-,-
20:42:06,450,0.3618,-,-
20:42:06,449,0.2925,-,-
20:42:04,448,0.4745,-,-
20:42:02,447,0.3616,-,-
20:42:00,446,0.4661,-,-
20:42:00,445,0.5699,-,-
20:41:58,444,0.5038,-,-
20:41:56,443,0.3045,-,-
20:41:54,442,0.3437,-,-
20:41:54,441,0.3204,-,-
20:41:52,440,0.4295,-,-
20:41:50,439,0.4362,-,-
20:41:48,438,0.2905,-,-
20:41:48,437,0.3881,-,-
20:41:46,436,0.3203,-,-
20:41:44,435,0.4087,-,-
20:41:42,434,0.5568,-,-
20:41:42,433,0.4992,-,-
20:41:40,432,0.5628,-,-
20:41:38,431,0.4517,-,-
20:41:36,430,0.3336,-,-
20:41:36,429,0.6966,-,-
20:41:34,428,0.393,-,-
20:41:32,427,0.4991,-,-
20:41:30,426,0.4258,-,-
20:41:28,425,0.5701,-,-
20:41:28,424,0.2911,-,-
20:41:26,423,0.2598,-,-
20:41:24,422,0.3844,-,-
20:41:22,421,0.3884,-,-
20:41:22,420,0.4091,-,-
20:41:20,419,0.7103,-,-
20:41:18,418,0.378,-,-
20:41:16,417,0.338,-,-
20:41:16,416,0.493,-,-
20:41:14,415,0.4084,-,-
20:41:12,414,0.3309,-,-
20:41:10,413,0.4881,-,-
20:41:10,412,0.4478,-,-
20:41:08,411,0.3765,-,-
20:41:06,410,0.2249,-,-
20:41:04,409,0.2362,-,-
20:41:04,408,0.4661,-,-
20:41:02,407,0.6479,-,-
20:41:00,406,0.3504,-,-
20:40:58,405,0.4531,-,-
20:40:58,404,0.5606,-,-
20:40:56,403,0.4241,-,-
20:40:54,402,0.4882,-,-
20:40:52,401,0.3346,-,-
20:40:52,400,0.4867,0.4801,-
20:40:50,399,0.4499,-,-
20:40:48,398,0.4138,-,-
20:40:46,397,0.5717,-,-
20:40:44,396,0.2752,-,-
20:40:44,395,0.3999,-,-
20:40:42,394,0.3252,-,-
20:40:40,393,0.1291,-,-
20:40:38,392,0.672,-,-
20:40:38,391,0.3377,-,-
20:40:36,390,0.4369,-,-
20:40:34,389,0.4978,-,-
20:40:32,388,0.5111,-,-
20:40:32,387,0.2649,-,-
20:40:30,386,0.2373,-,-
20:40:28,385,0.2877,-,-
20:40:25,384,0.3445,-,-
20:40:25,383,0.7049,-,-
20:40:23,382,0.478,-,-
20:40:21,381,0.6454,-,-
20:40:19,380,0.4066,-,-
20:40:19,379,0.2182,-,-
20:40:17,378,0.2536,-,-
20:40:15,377,0.4282,-,-
20:40:13,376,0.7273,-,-
20:40:13,375,0.2687,-,-
20:40:11,374,0.3418,-,-
20:40:09,373,0.4136,-,-
20:40:07,372,0.445,-,-
20:40:07,371,0.4535,-,-
20:40:05,370,0.574,-,-
20:40:03,369,0.3806,-,-
20:40:01,368,0.4857,-,-
20:40:01,367,0.6235,-,-
20:39:59,366,0.301,-,-
20:39:57,365,0.3602,-,-
20:39:55,364,0.2402,-,-
20:39:55,363,0.5071,-,-
20:39:53,362,0.3618,-,-
20:39:51,361,0.4403,-,-
20:39:49,360,0.4811,-,-
20:39:49,359,0.2613,-,-
20:39:47,358,0.4738,-,-
20:39:45,357,0.3577,-,-
20:39:43,356,0.2496,-,-
20:39:41,355,0.7487,-,-
20:39:41,354,0.235,-,-
20:39:39,353,0.2878,-,-
20:39:37,352,0.3058,-,-
20:39:35,351,0.3133,-,-
20:39:35,350,0.8509,-,-
20:39:33,349,0.5862,-,-
20:39:31,348,0.2811,-,-
20:39:29,347,0.4597,-,-
20:39:29,346,0.2548,-,-
20:39:27,345,0.2539,-,-
20:39:25,344,0.4318,-,-
20:39:23,343,0.3526,-,-
20:39:23,342,0.294,-,-
20:39:21,341,0.5093,-,-
20:39:19,340,0.5548,-,-
20:39:17,339,0.411,-,-
20:39:17,338,0.3254,-,-
20:39:15,337,0.2162,-,-
20:39:13,336,0.274,-,-
20:39:11,335,0.2922,-,-
20:39:11,334,0.2696,-,-
20:39:09,333,0.279,-,-
20:39:07,332,0.2715,-,-
20:39:05,331,0.4708,-,-
20:39:05,330,0.3211,-,-
20:39:03,329,0.338,-,-
20:39:01,328,0.5078,-,-
20:38:59,327,0.2768,-,-
20:38:59,326,0.4554,-,-
20:38:57,325,0.3114,-,-
20:38:55,324,0.3448,-,-
20:38:53,323,0.423,-,-
20:38:53,322,0.3858,-,-
20:38:51,321,0.4465,-,-
20:38:48,320,0.279,-,-
20:38:46,319,0.365,-,-
20:38:46,318,0.3839,-,-
20:38:44,317,0.3257,-,-
20:38:42,316,0.2472,-,-
20:38:40,315,0.6183,-,-
20:38:40,314,0.3363,-,-
20:38:38,313,0.3828,-,-
20:38:36,312,0.5583,-,-
20:38:34,311,0.2808,-,-
20:38:34,310,0.445,-,-
20:38:32,309,0.485,-,-
20:38:30,308,0.3798,-,-
20:38:28,307,0.3934,-,-
20:38:28,306,0.3128,-,-
20:38:26,305,0.4902,-,-
20:38:24,304,0.5265,-,-
20:38:22,303,0.6525,-,-
20:38:22,302,0.5366,-,-
20:38:20,301,0.5658,-,-
20:38:18,300,0.502,0.6888,-
20:38:16,299,0.718,-,-
20:38:14,298,0.5309,-,-
20:38:14,297,0.4947,-,-
20:38:12,296,0.5891,-,-
20:38:10,295,0.4181,-,-
20:38:08,294,0.3647,-,-
20:38:08,293,0.5537,-,-
20:38:06,292,0.2472,-,-
20:38:04,291,0.5129,-,-
20:38:02,290,0.4285,-,-
20:38:02,289,0.2721,-,-
20:38:00,288,0.3743,-,-
20:37:58,287,0.2415,-,-
20:37:56,286,0.3872,-,-
20:37:56,285,0.3296,-,-
20:37:54,284,0.2972,-,-
20:37:52,283,0.3489,-,-
20:37:50,282,0.2954,-,-
20:37:50,281,0.3454,-,-
20:37:48,280,0.4807,-,-
20:37:46,279,0.2934,-,-
20:37:44,278,0.4802,-,-
20:37:44,277,0.2934,-,-
20:37:42,276,0.3675,-,-
20:37:40,275,0.249,-,-
20:37:38,274,0.4038,-,-
20:37:38,273,0.5054,-,-
20:37:36,272,0.3941,-,-
20:37:34,271,0.3753,-,-
20:37:32,270,0.4524,-,-
20:37:32,269,0.2937,-,-
20:37:30,268,0.2785,-,-
20:37:28,267,0.27,-,-
20:37:26,266,0.4581,-,-
20:37:26,265,0.7846,-,-
20:37:24,264,0.3207,-,-
20:37:22,263,0.4775,-,-
20:37:20,262,0.286,-,-
20:37:20,261,0.4215,-,-
20:37:18,260,0.3508,-,-
20:37:16,259,0.5009,-,-
20:37:14,258,0.5211,-,-
20:37:14,257,0.2266,-,-
20:37:12,256,0.4402,-,-
20:37:10,255,0.3894,-,-
20:37:08,254,0.6574,-,-
20:37:08,253,0.5027,-,-
20:37:06,252,0.3939,-,-
20:37:04,251,0.6396,-,-
20:37:02,250,0.3239,-,-
20:37:02,249,0.5711,-,-
20:37:00,248,0.473,-,-
20:36:57,247,0.2592,-,-
20:36:55,246,0.4073,-,-
20:36:55,245,0.4039,-,-
20:36:53,244,0.5258,-,-
20:36:51,243,0.4026,-,-
20:36:51,242,0.2567,-,-
20:36:49,241,0.3856,-,-
20:36:47,240,0.3016,-,-
20:36:45,239,0.371,-,-
20:36:45,238,0.3107,-,-
20:36:43,237,0.4223,-,-
20:36:41,236,0.3405,-,-
20:36:39,235,0.4678,-,-
20:36:39,234,0.6023,-,-
20:36:37,233,0.3737,-,-
20:36:35,232,0.6052,-,-
20:36:33,231,0.3222,-,-
20:36:33,230,0.3132,-,-
20:36:31,229,0.7084,-,-
20:36:29,228,0.2688,-,-
20:36:27,227,0.3762,-,-
20:36:27,226,0.3962,-,-
20:36:25,225,0.2572,-,-
20:36:23,224,0.273,-,-
20:36:21,223,0.2559,-,-
20:36:21,222,0.3836,-,-
20:36:19,221,0.4691,-,-
20:36:17,220,0.4819,-,-
20:36:15,219,0.5321,-,-
20:36:15,218,0.283,-,-
20:36:13,217,0.3588,-,-
20:36:11,216,0.2528,-,-
20:36:09,215,0.2574,-,-
20:36:09,214,0.3686,-,-
20:36:07,213,0.3457,-,-
20:36:05,212,0.2868,-,-
20:36:03,211,0.5759,-,-
20:36:03,210,0.7891,-,-
20:36:01,209,0.6594,-,-
20:35:59,208,0.5018,-,-
20:35:57,207,0.38,-,-
20:35:57,206,0.3046,-,-
20:35:55,205,0.3314,-,-
20:35:53,204,0.3902,-,-
20:35:51,203,0.2948,-,-
20:35:51,202,0.512,-,-
20:35:49,201,0.4228,-,-
20:35:47,200,0.2986,0.2048,-
20:35:45,199,0.4714,-,-
20:35:43,198,0.2881,-,-
20:35:43,197,0.1703,-,-
20:35:41,196,0.4519,-,-
20:35:39,195,0.4216,-,-
20:35:37,194,0.3939,-,-
20:35:37,193,0.5709,-,-
20:35:35,192,0.4732,-,-
20:35:33,191,0.4742,-,-
20:35:31,190,0.4379,-,-
20:35:31,189,0.3214,-,-
20:35:29,188,0.6262,-,-
20:35:27,187,0.3187,-,-
20:35:25,186,0.5766,-,-
20:35:25,185,0.3968,-,-
20:35:23,184,0.4269,-,-
20:35:21,183,0.3818,-,-
20:35:19,182,0.3837,-,-
20:35:19,181,0.5735,-,-
20:35:17,180,0.7178,-,-
20:35:15,179,0.403,-,-
20:35:13,178,0.5379,-,-
20:35:13,177,0.4784,-,-
20:35:10,176,0.4637,-,-
20:35:08,175,0.5361,-,-
20:35:06,174,0.5537,-,-
20:35:06,173,0.3545,-,-
20:35:04,172,0.4122,-,-
20:35:02,171,0.4012,-,-
20:35:00,170,0.5602,-,-
20:35:00,169,0.5465,-,-
20:34:58,168,0.5707,-,-
20:34:56,167,0.609,-,-
20:34:54,166,0.577,-,-
20:34:54,165,0.5262,-,-
20:34:52,164,0.531,-,-
20:34:50,163,0.5584,-,-
20:34:48,162,0.3774,-,-
20:34:48,161,0.3524,-,-
20:34:46,160,0.2349,-,-
20:34:44,159,0.3953,-,-
20:34:42,158,0.4784,-,-
20:34:42,157,0.547,-,-
20:34:40,156,0.5868,-,-
20:34:38,155,0.4173,-,-
20:34:36,154,0.395,-,-
20:34:36,153,0.4143,-,-
20:34:34,152,0.5361,-,-
20:34:32,151,0.2738,-,-
20:34:30,150,0.3192,-,-
20:34:30,149,0.2903,-,-
20:34:28,148,0.3496,-,-
20:34:26,147,0.4378,-,-
20:34:24,146,0.4251,-,-
20:34:24,145,0.2504,-,-
20:34:22,144,0.3428,-,-
20:34:20,143,0.3594,-,-
20:34:18,142,0.4105,-,-
20:34:18,141,0.4465,-,-
20:34:16,140,0.2612,-,-
20:34:14,139,0.4462,-,-
20:34:12,138,0.501,-,-
20:34:12,137,0.4638,-,-
20:34:10,136,0.2487,-,-
20:34:08,135,0.3753,-,-
20:34:06,134,0.3431,-,-
20:34:06,133,0.3413,-,-
20:34:04,132,0.4414,-,-
20:34:02,131,0.2773,-,-
20:34:00,130,0.3168,-,-
20:34:00,129,0.413,-,-
20:33:58,128,0.4815,-,-
20:33:56,127,0.401,-,-
20:33:54,126,0.6967,-,-
20:33:54,125,0.8401,-,-
20:33:52,124,0.4522,-,-
20:33:50,123,0.5418,-,-
20:33:48,122,0.3079,-,-
20:33:48,121,0.4836,-,-
20:33:46,120,0.6003,-,-
20:33:44,119,0.3677,-,-
20:33:42,118,0.3239,-,-
20:33:42,117,0.3102,-,-
20:33:40,116,0.2838,-,-
20:33:38,115,0.4575,-,-
20:33:36,114,0.4155,-,-
20:33:36,113,0.559,-,-
20:33:34,112,0.5473,-,-
20:33:32,111,0.3223,-,-
20:33:30,110,0.5939,-,-
20:33:30,109,0.4911,-,-
20:33:28,108,0.3704,-,-
20:33:26,107,0.3961,-,-
20:33:24,106,0.6167,-,-
20:33:24,105,0.3238,-,-
20:33:22,104,0.4745,-,-
20:33:19,103,0.3201,-,-
20:33:19,102,0.2855,-,-
20:33:17,101,0.2683,-,-
20:33:15,100,0.7308,0.3224,-
20:33:13,99,0.425,-,-
20:33:11,98,0.5456,-,-
20:33:09,97,0.3879,-,-
20:33:07,96,0.3689,-,-
20:33:07,95,0.5519,-,-
20:33:05,94,0.3742,-,-
20:33:03,93,0.4572,-,-
20:33:01,92,0.4849,-,-
20:33:01,91,0.6348,-,-
20:32:59,90,0.5266,-,-
20:32:57,89,0.5227,-,-
20:32:55,88,0.4504,-,-
20:32:55,87,0.327,-,-
20:32:53,86,0.5429,-,-
20:32:51,85,0.6985,-,-
20:32:51,84,0.4441,-,-
20:32:49,83,0.5026,-,-
20:32:47,82,0.5575,-,-
20:32:45,81,0.545,-,-
20:32:45,80,0.453,-,-
20:32:43,79,0.5304,-,-
20:32:41,78,0.3949,-,-
20:32:39,77,0.7241,-,-
20:32:39,76,0.5954,-,-
20:32:37,75,0.4341,-,-
20:32:35,74,0.4951,-,-
20:32:33,73,0.524,-,-
20:32:33,72,0.5314,-,-
20:32:31,71,0.4124,-,-
20:32:29,70,0.5347,-,-
20:32:27,69,0.4157,-,-
20:32:27,68,0.5004,-,-
20:32:25,67,0.3954,-,-
20:32:23,66,0.584,-,-
20:32:21,65,0.2696,-,-
20:32:21,64,0.4444,-,-
20:32:19,63,0.6813,-,-
20:32:17,62,0.7766,-,-
20:32:15,61,0.5252,-,-
20:32:15,60,0.2894,-,-
20:32:13,59,0.5516,-,-
20:32:11,58,0.519,-,-
20:32:09,57,0.5172,-,-
20:32:09,56,0.5141,-,-
20:32:07,55,0.364,-,-
20:32:05,54,0.4846,-,-
20:32:03,53,0.389,-,-
20:32:03,52,0.5429,-,-
20:32:01,51,0.4896,-,-
20:31:59,50,0.4647,-,-
20:31:57,49,0.5669,-,-
20:31:57,48,0.7573,-,-
20:31:55,47,0.4049,-,-
20:31:53,46,0.6422,-,-
20:31:51,45,0.605,-,-
20:31:51,44,0.427,-,-
20:31:49,43,0.7334,-,-
20:31:47,42,0.8504,-,-
20:31:45,41,0.5775,-,-
20:31:45,40,0.7975,-,-
20:31:43,39,0.4697,-,-
20:31:41,38,0.5641,-,-
20:31:41,37,0.5416,-,-
20:31:39,36,0.5122,-,-
20:31:37,35,9.172,-,-
20:31:35,34,0.5489,-,-
20:31:33,33,0.7797,-,-
20:31:33,32,0.6607,-,-
20:31:31,31,0.746,-,-
20:31:29,30,0.56,-,-
20:31:27,29,0.5242,-,-
20:31:27,28,0.3834,-,-
20:31:24,27,0.501,-,-
20:31:22,26,0.5447,-,-
20:31:20,25,0.4439,-,-
20:31:20,24,0.7357,-,-
20:31:18,23,0.6575,-,-
20:31:16,22,0.5408,-,-
20:31:14,21,0.5865,-,-
20:31:14,20,0.7236,-,-
20:31:12,19,0.8615,-,-
20:31:10,18,0.5729,-,-
20:31:08,17,1.029,-,-
20:31:08,16,0.6459,-,-
20:31:06,15,0.6619,-,-
20:31:04,14,0.5401,-,-
20:31:02,13,0.5422,-,-
20:31:02,12,0.5964,-,-
20:31:00,11,0.8559,-,-
20:30:58,10,0.6192,-,-
20:30:56,9,0.9104,-,-
20:30:54,8,0.7078,-,-
20:30:54,7,0.8677,-,-
20:30:52,6,0.8776,-,-
20:30:50,5,0.864,-,-
20:30:48,4,0.8924,-,-
20:30:48,3,0.4763,-,-
20:30:46,2,0.7491,-,-
20:30:44,1,0.7875,-,-
Copy Job,,,,
Playground,,,,